Enfermedad,Secuencia
l'Inflammation Enragee,CGTTTA
l'Estomac Remediable,GAGCATCT
les Verrues de Desert,TCTATG
l'Intoxication Impossible,TCATG
la Rougeole Argentee,TATTGC
l'Anthropophagie de Roc,AGTCTT
la Mort Engourdie,CTAGTT
l'Anxiete de Sommeil,ATTACGCG
l'Insuffisance de Sorcier,GTACATCG
la Plaie de Marais,CGATTAGC
le Dysfonctionnement de Diable,TCTGGAAC
les Ampoules de Jungle,ATCATGG
la Peau Sauvage,CACGTAGT
l'Allergie Pestilentielle,TTGCAT
l'Insuffisance de Froid,CTGTA
la Bronchite Horrible,GTACT
les Crampes Violent,GGATATCC
les Yeux Contagieux,GGAATCCT
la Diphterie Rampante,GAATGTCC
l'Ulcere Paralysant,AGTCAGT
l'Eternuement Impossible,TGGACTCA
le Choc Rongeur,TTCAGGA
les Frissons de Dragon,GTCTGCAA
la Cecite de Contractions,AGTCT
les Yeux de Lion,TAACTGCG
la Scarification Souriante,CTTAG
la Pourriture de Chat,CTTCGAAG
la Rage Inconstante,GTACATG
la Sterilite de la Memoire,CCAAGGTT
les Verrues d'Etranger,ATCAGGTC
